Part Name,Color,Quantity,Part ID,Color Code
"Fence Ornamented  1 x  4 x  2","Black",80,19121.dat,0
"Fence Ornamented  1 x  4 x  2","Pearl Gold",25,19121.dat,297
"Tile  1 x  4 with Groove","White",6,2431.dat,15
"Tile  1 x  4 with Groove","Tan",4,2431.dat,19
"Tile  1 x  4 with Groove","Dark Tan",10,2431.dat,28
"Plate  3 x  3 without Corner","White",1,2450.dat,15
"Plate  3 x  3 without Corner","Reddish Brown",3,2450.dat,70
"Brick  1 x  2","Black",2,3004.dat,0
"Brick  1 x  2","White",4,3004.dat,15
"Brick  1 x  2","Tan",28,3004.dat,19
"Brick  1 x  2","Reddish Brown",73,3004.dat,70
"Brick  1 x  2","Light Bluish Grey",4,3004.dat,71
"Brick  1 x  1","Black",4,3005.dat,0
"Brick  1 x  1","White",34,3005.dat,15
"Brick  1 x  1","Tan",6,3005.dat,19
"Brick  1 x  8","Black",52,3008.dat,0
"Brick  1 x  8","White",5,3008.dat,15
"Brick  1 x  8","Tan",46,3008.dat,19
"Brick  1 x  8","Reddish Brown",35,3008.dat,70
"Brick  1 x  8","Light Bluish Grey",5,3008.dat,71
"Brick  1 x  6","Black",9,3009.dat,0
"Brick  1 x  6","White",1,3009.dat,15
"Brick  1 x  6","Tan",8,3009.dat,19
"Brick  1 x  6","Reddish Brown",4,3009.dat,70
"Brick  1 x  4","Black",5,3010.dat,0
"Brick  1 x  4","Tan",4,3010.dat,19
"Brick  1 x  4","Reddish Brown",11,3010.dat,70
"Brick  1 x  4","Light Bluish Grey",1,3010.dat,71
"Plate  2 x  4","Tan",1,3020.dat,19
"Plate  2 x  4","Reddish Brown",6,3020.dat,70
"Plate  2 x  4","Light Bluish Grey",2,3020.dat,71
"Plate  2 x  4","Pearl Gold",2,3020.dat,297
"Plate  2 x  3","Reddish Brown",2,3021.dat,70
"Plate  2 x  2","White",11,3022.dat,15
"Plate  2 x  2","Reddish Brown",13,3022.dat,70
"Plate  1 x  2","White",11,3023b.dat,15
"Plate  1 x  2","Tan",1,3023b.dat,19
"Plate  1 x  2","Reddish Brown",2,3023b.dat,70
"Plate  1 x  1","Tan",1,3024.dat,19
"Plate  4 x  4","Dark Tan",1,3031.dat,28
"Plate  4 x  4","Reddish Brown",5,3031.dat,70
"Plate  4 x  6","Dark Tan",2,3032.dat,28
"Plate  4 x  6","Reddish Brown",4,3032.dat,70
"Plate  4 x  6","Light Bluish Grey",1,3032.dat,71
"Plate  4 x  6","Pearl Gold",2,3032.dat,297
"Plate  2 x  8","Tan",19,3034.dat,19
"Plate  2 x  8","Reddish Brown",24,3034.dat,70
"Plate  2 x  8","Dark Bluish Grey",1,3034.dat,72
"Plate  4 x  8","Tan",10,3035.dat,19
"Plate  4 x  8","Dark Tan",1,3035.dat,28
"Plate  4 x  8","Reddish Brown",7,3035.dat,70
"Plate  4 x  8","Light Bluish Grey",9,3035.dat,71
"Plate  4 x  8","Dark Bluish Grey",6,3035.dat,72
"Plate  6 x  8","Tan",4,3036.dat,19
"Plate  6 x  8","Dark Bluish Grey",2,3036.dat,72
"Brick  3 x  3 without Corner","Black",5,30505.dat,0
"Brick  3 x  3 without Corner","White",1,30505.dat,15
"Brick  3 x  3 without Corner","Reddish Brown",2,30505.dat,70
"Brick  3 x  3 without Corner","Light Bluish Grey",1,30505.dat,71
"Arch  3 x  6 x  5 Ornamented with Hollow Stud","Reddish Brown",1,30613.dat,70
"Brick  1 x  1 Round with Hollow Stud","Trans Clear",2,3062b.dat,47
"Brick  1 x  1 Round with Hollow Stud","Pearl Gold",8,3062b.dat,297
"Tile  2 x  2 with Groove","Tan",1,3068b.dat,19
"Tile  2 x  2 with Groove","Dark Tan",1,3068b.dat,28
"Tile  1 x  2 with Groove","White",6,3069b.dat,15
"Tile  1 x  2 with Groove","Tan",2,3069b.dat,19
"Tile  1 x  2 with Groove","Reddish Brown",1,3069b.dat,70
"Tile  1 x  1 with Groove","White",6,3070b.dat,15
"Tile  1 x  1 with Groove","Tan",4,3070b.dat,19
"Tile  1 x  1 with Groove","Dark Tan",4,3070b.dat,28
"Plate  1 x  8","White",9,3460.dat,15
"Plate  1 x  8","Tan",22,3460.dat,19
"Plate  1 x  8","Light Bluish Grey",9,3460.dat,71
"Brick  1 x  3","Black",4,3622.dat,0
"Brick  1 x  3","White",1,3622.dat,15
"Brick  1 x  3","Tan",4,3622.dat,19
"Brick  1 x  3","Reddish Brown",6,3622.dat,70
"Brick  1 x  3","Light Bluish Grey",7,3622.dat,71
"Plate  1 x  3","Black",36,3623.dat,0
"Arch  1 x  4","Dark Tan",13,3659.dat,28
"Plate  1 x  6","Black",18,3666.dat,0
"Plate  1 x  6","White",1,3666.dat,15
"Plate  1 x  6","Tan",2,3666.dat,19
"Plate  1 x  6","Light Bluish Grey",1,3666.dat,71
"Plate  1 x  4","Black",18,3710.dat,0
"Plate  1 x  4","Tan",4,3710.dat,19
"Plate  1 x  4","Reddish Brown",8,3710.dat,70
"Plate  2 x  6","Tan",5,3795.dat,19
"Plate  2 x  6","Reddish Brown",4,3795.dat,70
"Tile  1 x  3","Tan",3,63864.dat,19
"Tile  1 x  3","Dark Tan",1,63864.dat,28
"Tile  1 x  6","White",6,6636.dat,15
"Tile  1 x  6","Tan",7,6636.dat,19
"Tile  1 x  6","Dark Tan",9,6636.dat,28
"Tile  1 x  6","Reddish Brown",13,6636.dat,70
"Tile  2 x  4","Tan",14,87079.dat,19
"Tile  2 x  4","Dark Tan",7,87079.dat,28
"Plate 16 x 16 with Underside Ribs","Tan",2,91405.dat,19
"Plate 16 x 16 with Underside Ribs","Dark Bluish Grey",9,91405.dat,72
"Plate  8 x 16","Tan",2,92438.dat,19
"Plate  8 x 16","Dark Bluish Grey",4,92438.dat,72
