Part Name,Color,Quantity,Part ID,Color Code
Brick  2 x  2 Corner,Light Bluish Grey,8,2357.dat,71
Plate  1 x  1,Red,6,3024.dat,4
Plate  1 x  1,White,6,3024.dat,15
Plate  1 x  1,Trans Yellow,4,3024.dat,46
Plate  6 x 16,Blue,1,3027.dat,1
Plate  4 x 12,Green,1,3029.dat,2
Plate  2 x  8,Black,1,3034.dat,0
Minifig Life Ring,Yellow,1,30340.dat,14
Plate  4 x  8,Blue,1,3035.dat,1
Plate  3 x  3 with  2 x  2 Corner Round,Red,7,30357.dat,4
Plate  3 x  3 with  2 x  2 Corner Round,White,8,30357.dat,15
Plate  6 x  8,Green,2,3036.dat,2
Slope Brick 45  2 x  4,Light Bluish Grey,3,3037.dat,71
Bar  4L Lightsaber Blade,White,4,30374.dat,15
Slope Brick 45  2 x  3,Light Bluish Grey,2,3038.dat,71
Slope Brick 45  2 x  2,Black,7,3039.dat,0
Slope Brick 45  2 x  2,Light Bluish Grey,3,3039.dat,71
Slope Brick 45  2 x  1,Black,4,3040b.dat,0
Slope Brick 45  2 x  2 Double,Black,1,3043.dat,0
Brick  1 x  1 Round with Hollow Stud,Reddish Brown,2,3062b.dat,70
Brick  1 x  1 Round with Hollow Stud,Light Bluish Grey,6,3062b.dat,71
Car Steering Wheel 2L,Black,1,30663.dat,0
Tile  1 x  1 with Groove,Red,2,3070b.dat,4
Tile  1 x  1 with Groove,Light Bluish Grey,2,3070b.dat,71
Technic Brick  1 x  2 with Holes,Yellow,1,32000.dat,14
Technic Plate  2 x  6 with Holes,Black,2,32001.dat,0
Plate  1 x  2 with Door Rail,Dark Bluish Grey,1,32028.dat,72
Technic Angle Connector #2 (180 degree),White,2,32034.dat,15
Technic Bush  1/2 Smooth with Axle Hole Reduced,Yellow,2,32123a.dat,14
Technic Axle  5.5 with Stop Type 1,Dark Bluish Grey,1,32209.dat,72
Technic Gear 12 Tooth Double Bevel,Black,2,32270.dat,0
Technic Pin Joiner Plate  1 x  2 x  1 & 1/2,Black,1,32529.dat,0
Slope Brick 33  3 x  2,Dark Bluish Grey,7,3298.dat,72
Technic Beam  3 x  0.5 Liftarm with Boss and Pin with Closed Central Axle Hole,Black,1,33299a.dat,0
Plate  1 x  8,Black,1,3460.dat,0
Brick  1 x  3,Red,12,3622.dat,4
Brick  1 x  3,White,9,3622.dat,15
Plate  1 x  3,Red,3,3623.dat,4
Plate  1 x  3,White,10,3623.dat,15
Arch  1 x  4,Black,1,3659.dat,0
Slope Brick 45  2 x  1 Inverted with Inner Stopper Ring,Red,2,3665b.dat,4
Slope Brick 45  2 x  1 Inverted with Inner Stopper Ring,White,8,3665b.dat,15
Slope Brick 45  2 x  1 Inverted with Inner Stopper Ring,Dark Bluish Grey,2,3665b.dat,72
Plate  1 x  6,Red,2,3666.dat,4
Technic Pin,Light Bluish Grey,1,3673.dat,71
Technic Axle  8,Black,1,3707.dat,0
Plate  1 x  4,Black,8,3710.dat,0
Plate  1 x  4,Red,3,3710.dat,4
Plate  1 x  4,White,5,3710.dat,15
Technic Bush with Two Flanges,Red,6,3713.dat,4
Plate  1 x  2 without Groove with 1 Centre Stud,White,1,3794a.dat,15
Plate  2 x  6,Reddish Brown,1,3795.dat,70
Minifig Hips,Dark Blue,1,3815b.dat,272
~Minifig Leg Right (Obsolete),Dark Blue,1,3816b.dat,272
Brick  1 x  1 x  5 with Hollow Stud,Black,2,2453a.dat,0
Tile  1 x  1 with Clip,Black,1,2555.dat,0
Dish  2 x  2 without Rim,Blue,1,2654b.dat,1
Plate  2 x  4,Reddish Brown,1,3020.dat,70
Plate  2 x  3,Black,1,3021.dat,0
Plate  2 x  3,White,5,3021.dat,15
Plate  2 x  3,Dark Bluish Grey,1,3021.dat,72
Plate  2 x  2,Black,4,3022.dat,0
Plate  2 x  2,White,4,3022.dat,15
Plate  2 x  2,Dark Bluish Grey,2,3022.dat,72
~Moved to 3023b,Black,9,3023.dat,0
~Moved to 3023b,Red,1,3023.dat,4
~Moved to 3023b,Dark Bluish Grey,2,3023.dat,72
Brick  1 x  2 with Clip Vertical (Thick U-Clip) with Centre Notch,Light Bluish Grey,3,30237.dat,71
Brick  2 x  4,Light Bluish Grey,4,3001.dat,71
Brick  1 x  2,Red,6,3004.dat,4
Brick  1 x  2,White,1,3004.dat,15
Brick  1 x  2,Dark Bluish Grey,10,3004.dat,72
Window  1 x  2 x  2.667 Pane Lattice Diamond with Rounded Top,Pearl Gold,1,30046.dat,297
Brick  1 x  1,Black,12,3005.dat,0
Brick  1 x  1,Red,5,3005.dat,4
Brick  1 x  1,White,8,3005.dat,15
Brick  1 x  1,Light Bluish Grey,3,3005.dat,71
Plate  2 x  2 Corner,Black,4,2420.dat,0
Plate  2 x  2 Corner,Yellow,2,2420.dat,14
Tile  1 x  4 with Groove,Red,1,2431.dat,4
Tile  1 x  4 with Groove,Yellow,3,2431.dat,14
Tile  1 x  2 Grille with Groove,Black,2,2412b.dat,0
Tile  1 x  2 Grille with Groove,Light Bluish Grey,1,2412b.dat,71
Brick  1 x  8,Light Bluish Grey,1,3008.dat,71
Brick  1 x  6,Red,1,3009.dat,4
Brick  1 x  6,White,1,3009.dat,15
Brick  1 x  6,Dark Bluish Grey,8,3009.dat,72
Brick  1 x  4,Red,7,3010.dat,4
Brick  1 x  4,White,3,3010.dat,15
Minifig Binoculars with Round Eyepiece,Dark Bluish Grey,1,30162.dat,72
~Minifig Leg Left (Obsolete),Dark Blue,1,3817b.dat,272
Minifig Arm Right,Orange,1,3818.dat,25
Minifig Arm Left,Orange,1,3819.dat,25
Minifig Hand,Yellow,2,3820.dat,14
Hinge Brick  1 x  4 Top,Red,2,3830.dat,4
Hinge Brick  1 x  4 Base,Red,2,3831.dat,4
Plate  2 x 10,Green,2,3832.dat,2
Minifig Cup,Yellow,1,3899.dat,14
Hinge  1 x  2 Base,Dark Bluish Grey,1,3937.dat,72
Hinge  1 x  2 Top,Yellow,1,3938.dat,14
Brick  2 x  2 Round without Reinforcement,Black,5,3941.dat,0
Dish  8 x  8 Inverted with Solid Studs,Black,1,3961.dat,0
Plate  2 x  2 Round with Axlehole,Black,1,4032a.dat,0
Plate  2 x  2 Round with Axlehole,Reddish Brown,1,4032a.dat,70
Brick  1 x  1 with Headlight,Reddish Brown,1,4070.dat,70
Minifig Hat Knit Cap,Dark Bluish Grey,1,41334.dat,72
Slope Brick 33  3 x  3,Black,4,4161.dat,0
~Moved to 43722a,White,2,43722.dat,15
~Moved to 43723a,White,2,43723.dat,15
Slope Brick 45  2 x  8,Black,1,4445.dat,0
Bracket  1 x  2 -  2 x  2 Down,Dark Bluish Grey,1,44728.dat,72
Plate  1 x 10,White,1,4477.dat,15
Tap  1 x  1 without Hole in Spout,White,8,4599b.dat,15
Brick  1 x  2 x  5 with Hollow Studs without Inner Ridges,Trans Clear,4,46212a.dat,47
Brick  1 x  1 with Studs on Two Opposite Sides,White,2,47905.dat,15
Plate  1 x  2 with Handle Type 2,Yellow,1,48336.dat,14
Slope Brick 45  4 x  4 Double Inverted with Open Centre,White,1,4854.dat,15
Wedge  4 x  4 Triple Inverted without Ribs between Studs,White,1,4855.dat,15
Panel  1 x  2 x  1 with Rounded Corners,Black,1,4865b.dat,0
Plate  1 x  1 with Tooth In-line,White,2,49668.dat,15
Wing  2 x  4,Yellow,1,51739.dat,14
Wing  2 x  4,White,1,51739.dat,15
Slope Brick 31  1 x  1 x  0.667,White,2,54200.dat,15
Slope Brick 31  1 x  1 x  0.667,Reddish Brown,4,54200.dat,70
Slope Brick 31  1 x  1 x  0.667,Dark Bluish Grey,4,54200.dat,72
Cone  1 x  1 with Stop,Green,4,59900.dat,2
Cone  1 x  1 with Stop,Trans Yellow,1,59900.dat,46
Plate  1 x  1 with Clip Horizontal (Thick U-Clip),Yellow,2,6019.dat,14
Propeller  3 Blade  3.5 Diameter with Axlehole,Pearl Silver,1,6041.dat,179
Plate  1 x  2 with  2 Clips Horizontal (Thick U-Clips),Light Bluish Grey,1,60470a.dat,71
Plate  1 x  2 with Handle on End,Light Bluish Grey,2,60478.dat,71
Plate  1 x 12,Light Bluish Grey,1,60479.dat,71
Window  1 x  2 x  2 without Sill w/ Trans-Clear Glass (Complete),White,4,60592c01.dat,15
Window  1 x  4 x  3 without Shutter Tabs,Reddish Brown,1,60594.dat,70
Door  1 x  4 x  6 Frame,White,1,60596.dat,15
Window  1 x  2 x  3 Pane Latticed with Reinforced Joints,Pearl Gold,2,60607.dat,297
Brick  2 x  1 x  1.333 with Curved Top,Dark Bluish Grey,2,6091.dat,72
~Slope Brick 18  2 x  1 x  0.667 Grille (Obsolete),Yellow,2,61409.dat,14
Plate  1 x  1 Round,Yellow,4,6141.dat,14
Plate  1 x  1 Round,White,12,6141.dat,15
Plate  1 x  1 Round,Lime,2,6141.dat,27
Plate  1 x  1 Round,Reddish Brown,9,6141.dat,70
Plate  1 x  1 Round,Light Bluish Grey,6,6141.dat,71
Plate  1 x  1 Round,Trans Neon Orange,4,6141.dat,38
Minifig Skeleton Leg,White,8,6266.dat,15
Plate  1 x  2 with Clip Horizontal on End (Thick C-Clip),Red,1,63868.dat,4
Door  1 x  4 x  6 with Window and Reinforced Edge,Reddish Brown,1,64390.dat,70
Animal Fish Straight,Pearl Silver,2,64648.dat,179
Technic Brick  1 x  1 with Hole,Yellow,1,6541.dat,14
Technic Brick  1 x  1 with Hole,Dark Bluish Grey,4,6541.dat,72
Technic Axle  3 with Stud,Dark Tan,4,6587.dat,28
Tile  1 x  6,Black,1,6636.dat,0
Tile  1 x  6,Light Bluish Grey,6,6636.dat,71
Brick  2 x  2 Corner Round w Stud Notch and Reinforced Underside,Red,24,85080.dat,4
Brick  2 x  2 Corner Round w Stud Notch and Reinforced Underside,White,17,85080.dat,15
Slope Brick 31  1 x  2 x  0.667,Dark Bluish Grey,1,85984.dat,72
Technic Axle  4 with Stop,Dark Bluish Grey,1,87083.dat,72
Plate  2 x  2 with Groove with 1 Centre Stud,Light Bluish Grey,4,87580.dat,71
Bar  0.5L with Curved Blade 2L,White,4,87747.dat,15
Plate 16 x 16 with Underside Ribs,Blue,1,91405.dat,1
A 2x2 sloped brick decorated with a chrome silver mirror sticker.,Black,1,ref-e00b558893c77e96-02-5770---3039d01.dat,0
85984d08,Black,1,ref-e00b558893c77e96-04-5770---85984d08.dat,0
A decorated minifig head submodel consisting of two cylindrical detail elements forming facial features.,Yellow,1,ref-e00b558893c77e96-08-5770---3626bp8l.dat,14
A patterned minifig torso submodel with four white disc buttons and black detailing on an orange jacket.,Orange,1,ref-e00b558893c77e96-09-5770---973pu7.dat,25
Electric Light Brick  2 x  3 x  1.333,Trans Clear,1,u9158.dat,47
